event_url,subtype,date_start,start_time,date_end,end_time,event_location,product_url,method,price_gbp,availability
https://www.alanranger.com/photographic-workshops-near-me/poppy-fields-photography-workshop-sunset,event,2024-06-08 18:15:00+00,2024-06-08 18:15:00+00,2024-06-08 20:45:00+00,2024-06-08 20:45:00+00,null,https://www.alanranger.com/photo-workshops-uk/long-exposure-photography-kenilworth,tokens+date,65,InStock
https://www.alanranger.com/photographic-workshops-near-me/poppy-fields-photography-workshop-sunrise,event,2024-06-09 04:00:00+00,2024-06-09 04:00:00+00,2024-06-09 06:30:00+00,2024-06-09 06:30:00+00,null,https://www.alanranger.com/photo-workshops-uk/abstract-and-macro-photography-workshops,tokens+date,65,InStock
https://www.alanranger.com/photographic-workshops-near-me/peak-district-photography-workshops-sunrise-heathers,event,2024-08-24 04:15:00+00,2024-08-24 04:15:00+00,2024-08-24 08:30:00+00,2024-08-24 08:30:00+00,null,https://www.alanranger.com/photo-workshops-uk/landscape-peak-district-photography-workshops-derbyshire,tokens+date,175,InStock
https://www.alanranger.com/photographic-workshops-near-me/woodland-photography-walk-leamington-oakley-wood,event,2025-03-21 09:30:00+00,2025-03-21 09:30:00+00,2025-03-21 11:30:00+00,2025-03-21 11:30:00+00,null,https://www.alanranger.com/photo-workshops-uk/woodland-photography-walk-warwickshire,tokens+date,15,InStock
https://www.alanranger.com/photographic-workshops-near-me/somerset-photography-workshop,event,2025-05-09 13:00:00+00,2025-05-09 13:00:00+00,2025-05-11 13:00:00+00,2025-05-11 13:00:00+00,null,https://www.alanranger.com/photo-workshops-uk/somerset-landscape-photography-workshops,tokens+date,895,InStock
https://www.alanranger.com/photographic-workshops-near-me/landscape-photography-workshops-yorkshire-coast,event,2025-05-15 13:00:00+00,2025-05-15 13:00:00+00,2025-05-18 13:00:00+00,2025-05-18 13:00:00+00,null,https://www.alanranger.com/photo-workshops-uk/north-yorkshire-landscape-photography,tokens+date,1450,InStock
https://www.alanranger.com/photographic-workshops-near-me/nant-mill-woodlands,event,2025-06-07 09:00:00+00,2025-06-07 09:00:00+00,2025-06-07 13:00:00+00,2025-06-07 13:00:00+00,null,https://www.alanranger.com/photo-workshops-uk/landscape-photography-workshops-nant-mill,tokens+date,125,InStock
https://www.alanranger.com/photographic-workshops-near-me/sunset-chesterton-windmill-spring-7gw7j-9akd5,event,2025-09-30 23:00:00+00,2025-09-30 23:00:00+00,2025-09-30 23:00:00+00,2025-09-30 23:00:00+00,null,https://www.alanranger.com/photo-workshops-uk/photography-workshops-chesterton-windmill,tokens+date,65,InStock
https://www.alanranger.com/photographic-workshops-near-me/sunset-chesterton-windmill-photography-workshop,event,2025-10-01 16:00:00+00,2025-10-01 16:00:00+00,2025-10-01 16:00:00+00,2025-10-01 16:00:00+00,Warwickshire – Chesterton,https://www.alanranger.com/photo-workshops-uk/photography-workshops-chesterton-windmill,tokens+date,65,InStock
https://www.alanranger.com/beginners-photography-lessons/camera-courses-for-beginners-coventry-oct1,event,2025-10-01 23:00:00+00,2025-10-01 23:00:00+00,2025-10-01 23:00:00+00,2025-10-01 23:00:00+00,null,https://www.alanranger.com/photography-services-near-me/lightroom-courses-for-beginners-coventry,tokens+date,19.99,InStock
https://www.alanranger.com/photographic-workshops-near-me/yorkshire-dales-photography-workshop,event,2025-10-02 23:00:00+00,2025-10-02 23:00:00+00,2025-10-04 23:00:00+00,2025-10-04 23:00:00+00,null,https://www.alanranger.com/photo-workshops-uk/yorkshire-dales-photography-workshops,tokens+date,825,InStock
https://www.alanranger.com/photographic-workshops-near-me/fairy-glen-photography-wales,event,2025-10-03 23:00:00+00,2025-10-03 23:00:00+00,2025-10-03 23:00:00+00,2025-10-03 23:00:00+00,null,https://www.alanranger.com/photo-workshops-uk/long-exposure-photography-workshop-fairy-glen,tokens+date,125,InStock
https://www.alanranger.com/beginners-photography-lessons/camera-courses-for-beginners-coventry-zbcfe,event,2025-10-05 23:00:00+00,2025-10-05 23:00:00+00,2025-10-05 23:00:00+00,2025-10-05 23:00:00+00,null,https://www.alanranger.com/photography-services-near-me/lightroom-courses-for-beginners-coventry,tokens+date,19.99,InStock
https://www.alanranger.com/beginners-photography-lessons/camera-courses-for-beginners-coventry-oct2,event,2025-10-08 23:00:00+00,2025-10-08 23:00:00+00,2025-10-08 23:00:00+00,2025-10-08 23:00:00+00,null,https://www.alanranger.com/photography-services-near-me/lightroom-courses-for-beginners-coventry,tokens+date,19.99,InStock
https://www.alanranger.com/photographic-workshops-near-me/dartmoor-photography-workshop-woodlands,event,2025-10-09 23:00:00+00,2025-10-09 23:00:00+00,2025-10-11 23:00:00+00,2025-10-11 23:00:00+00,null,https://www.alanranger.com/photo-workshops-uk/dartmoor-photography-landscape-workshop,tokens+date,875,InStock
https://www.alanranger.com/beginners-photography-lessons/camera-courses-for-beginners-coventry-4pp2p,event,2025-10-12 23:00:00+00,2025-10-12 23:00:00+00,2025-10-12 23:00:00+00,2025-10-12 23:00:00+00,null,https://www.alanranger.com/photography-services-near-me/lightroom-courses-for-beginners-coventry,tokens+date,19.99,InStock
https://www.alanranger.com/beginners-photography-lessons/rps-courses-rps-distinctions-mentoring-2,event,2025-10-14 23:00:00+00,2025-10-14 23:00:00+00,2025-10-14 23:00:00+00,2025-10-14 23:00:00+00,null,https://www.alanranger.com/photography-services-near-me/rps-mentoring-photography-course,tokens+date,395,InStock
https://www.alanranger.com/beginners-photography-lessons/camera-courses-for-beginners-coventry-oct3,event,2025-10-15 23:00:00+00,2025-10-15 23:00:00+00,2025-10-15 23:00:00+00,2025-10-15 23:00:00+00,null,https://www.alanranger.com/photography-services-near-me/lightroom-courses-for-beginners-coventry,tokens+date,19.99,InStock
https://www.alanranger.com/photographic-workshops-near-me/woodland-photography-walk-coventry-piles-coppice,event,2025-10-16 23:00:00+00,2025-10-16 23:00:00+00,2025-10-16 23:00:00+00,2025-10-16 23:00:00+00,null,https://www.alanranger.com/photo-workshops-uk/woodland-photography-walk-warwickshire,tokens+date,15,InStock
https://www.alanranger.com/photographic-workshops-near-me/peak-district-photography-workshops-winter,event,2025-10-17 23:00:00+00,2025-10-17 23:00:00+00,2025-10-17 23:00:00+00,2025-10-17 23:00:00+00,null,https://www.alanranger.com/photo-workshops-uk/landscape-peak-district-photography-workshops-derbyshire,tokens+date,175,InStock
https://www.alanranger.com/photographic-workshops-near-me/secrets-of-woodland-photography-masterclass-autumn,event,2025-10-18 23:00:00+00,2025-10-18 23:00:00+00,2025-10-18 23:00:00+00,2025-10-18 23:00:00+00,null,https://www.alanranger.com/photo-workshops-uk/secrets-of-woodland-photography-workshop,tokens+date,125,InStock
https://www.alanranger.com/beginners-photography-lessons/camera-courses-for-beginners-coventry-8s2ka,event,2025-10-19 23:00:00+00,2025-10-19 23:00:00+00,2025-10-19 23:00:00+00,2025-10-19 23:00:00+00,null,https://www.alanranger.com/photography-services-near-me/lightroom-courses-for-beginners-coventry,tokens+date,19.99,InStock
https://www.alanranger.com/photographic-workshops-near-me/batsford-arboretum-autumn-photography-29oct,event,2025-10-23 23:00:00+00,2025-10-23 23:00:00+00,2025-10-23 23:00:00+00,2025-10-23 23:00:00+00,null,https://www.alanranger.com/photo-workshops-uk/batsford-arboretum-photography-workshops,tokens+date,125,InStock
https://www.alanranger.com/photographic-workshops-near-me/batsford-arboretum-autumn-photography-30oct,event,2025-10-24 23:00:00+00,2025-10-24 23:00:00+00,2025-10-24 23:00:00+00,2025-10-24 23:00:00+00,null,https://www.alanranger.com/photo-workshops-uk/batsford-arboretum-photography-workshops,tokens+date,125,InStock
https://www.alanranger.com/photographic-workshops-near-me/batsford-arboretum-autumn-photography-31oct,event,2025-10-25 23:00:00+00,2025-10-25 23:00:00+00,2025-10-25 23:00:00+00,2025-10-25 23:00:00+00,null,https://www.alanranger.com/photo-workshops-uk/batsford-arboretum-photography-workshops,tokens+date,125,InStock
https://www.alanranger.com/photographic-workshops-near-me/batsford-arboretum-autumn-photography-1nov,event,2025-10-29 00:00:00+00,2025-10-29 00:00:00+00,2025-10-29 00:00:00+00,2025-10-29 00:00:00+00,null,https://www.alanranger.com/photo-workshops-uk/batsford-arboretum-photography-workshops,tokens+date,125,InStock
https://www.alanranger.com/photographic-workshops-near-me/batsford-arboretum-autumn-photography-2nov,event,2025-10-30 00:00:00+00,2025-10-30 00:00:00+00,2025-10-30 00:00:00+00,2025-10-30 00:00:00+00,null,https://www.alanranger.com/photo-workshops-uk/batsford-arboretum-photography-workshops,tokens+date,125,InStock
https://www.alanranger.com/photographic-workshops-near-me/batsford-arboretum-autumn-photography-3nov,event,2025-10-31 00:00:00+00,2025-10-31 00:00:00+00,2025-10-31 00:00:00+00,2025-10-31 00:00:00+00,null,https://www.alanranger.com/photo-workshops-uk/batsford-arboretum-photography-workshops,tokens+date,125,InStock
https://www.alanranger.com/photographic-workshops-near-me/peak-district-photography-workshops-autumn,event,2025-11-01 00:00:00+00,2025-11-01 00:00:00+00,2025-11-01 00:00:00+00,2025-11-01 00:00:00+00,null,https://www.alanranger.com/photo-workshops-uk/landscape-peak-district-photography-workshops-derbyshire,tokens+date,175,InStock
https://www.alanranger.com/photographic-workshops-near-me/peak-district-photography-workshops-autumn-2,event,2025-11-02 00:00:00+00,2025-11-02 00:00:00+00,2025-11-02 00:00:00+00,2025-11-02 00:00:00+00,null,https://www.alanranger.com/photo-workshops-uk/landscape-peak-district-photography-workshops-derbyshire,tokens+date,175,InStock
https://www.alanranger.com/beginners-photography-lessons/camera-courses-for-beginners-coventry-8ar5x,event,2025-11-03 00:00:00+00,2025-11-03 00:00:00+00,2025-11-03 00:00:00+00,2025-11-03 00:00:00+00,null,https://www.alanranger.com/photography-services-near-me/lightroom-courses-for-beginners-coventry,tokens+date,19.99,InStock
https://www.alanranger.com/beginners-photography-lessons/lightroom-photo-editing-classes-wk1,event,2025-11-04 00:00:00+00,2025-11-04 00:00:00+00,2025-11-04 00:00:00+00,2025-11-04 00:00:00+00,null,https://www.alanranger.com/photography-services-near-me/lightroom-courses-for-beginners-coventry,tokens+similarity,19.99,InStock
https://www.alanranger.com/beginners-photography-lessons/rps-courses-rps-distinctions-mentoring-6,event,2025-11-06 00:00:00+00,2025-11-06 00:00:00+00,2025-11-06 00:00:00+00,2025-11-06 00:00:00+00,null,https://www.alanranger.com/photography-services-near-me/rps-mentoring-photography-course,tokens+date,395,InStock
https://www.alanranger.com/photographic-workshops-near-me/woodland-photography-walk-kenilworth-crackley-woods,event,2025-11-07 00:00:00+00,2025-11-07 00:00:00+00,2025-11-07 00:00:00+00,2025-11-07 00:00:00+00,null,https://www.alanranger.com/photo-workshops-uk/woodland-photography-walk-warwickshire,tokens+date,15,InStock
https://www.alanranger.com/photographic-workshops-near-me/abstract-and-macro-photography-workshop,event,2025-11-08 00:00:00+00,2025-11-08 00:00:00+00,2025-11-08 00:00:00+00,2025-11-08 00:00:00+00,null,https://www.alanranger.com/photo-workshops-uk/abstract-and-macro-photography-workshops,tokens+date,65,InStock
https://www.alanranger.com/beginners-photography-lessons/camera-courses-for-beginners-coventry-wc34j,event,2025-11-10 00:00:00+00,2025-11-10 00:00:00+00,2025-11-10 00:00:00+00,2025-11-10 00:00:00+00,null,https://www.alanranger.com/photography-services-near-me/lightroom-courses-for-beginners-coventry,tokens+date,19.99,InStock
https://www.alanranger.com/beginners-photography-lessons/lightroom-photo-editing-classes-wk2,event,2025-11-11 00:00:00+00,2025-11-11 00:00:00+00,2025-11-11 00:00:00+00,2025-11-11 00:00:00+00,null,https://www.alanranger.com/photography-services-near-me/beginners-photography-course,tokens+date,150,InStock
https://www.alanranger.com/beginners-photography-lessons/camera-courses-for-beginners-coventry-dfe,event,2025-11-12 00:00:00+00,2025-11-12 00:00:00+00,2025-11-12 00:00:00+00,2025-11-12 00:00:00+00,null,https://www.alanranger.com/photography-services-near-me/lightroom-courses-for-beginners-coventry,tokens+date,19.99,InStock
https://www.alanranger.com/photographic-workshops-near-me/lake-district-photography-workshop-autumn,event,2025-11-14 09:00:00+00,2025-11-14 09:00:00+00,2025-11-16 00:00:00+00,2025-11-16 00:00:00+00,Lake District,https://www.alanranger.com/photo-workshops-uk/lake-district-photography-workshop,tokens+date,1050,InStock
https://www.alanranger.com/beginners-photography-lessons/camera-courses-for-beginners-coventry-3yj3h,event,2025-11-17 00:00:00+00,2025-11-17 00:00:00+00,2025-11-17 00:00:00+00,2025-11-17 00:00:00+00,null,https://www.alanranger.com/photography-services-near-me/lightroom-courses-for-beginners-coventry,tokens+date,19.99,InStock
https://www.alanranger.com/beginners-photography-lessons/lightroom-photo-editing-classes-wk3,event,2025-11-18 00:00:00+00,2025-11-18 00:00:00+00,2025-11-18 00:00:00+00,2025-11-18 00:00:00+00,null,https://www.alanranger.com/photography-services-near-me/lightroom-courses-for-beginners-coventry,tokens+date,19.99,InStock
https://www.alanranger.com/beginners-photography-lessons/camera-courses-for-beginners-coventry-hnp3g,event,2025-11-19 00:00:00+00,2025-11-19 00:00:00+00,2025-11-19 00:00:00+00,2025-11-19 00:00:00+00,null,https://www.alanranger.com/photography-services-near-me/lightroom-courses-for-beginners-coventry,tokens+date,19.99,InStock
https://www.alanranger.com/photographic-workshops-near-me/suffolk-landscape-photography-workshop,event,2025-11-21 00:00:00+00,2025-11-21 00:00:00+00,2025-11-23 00:00:00+00,2025-11-23 00:00:00+00,null,https://www.alanranger.com/photo-workshops-uk/suffolk-landscape-photography-workshops,tokens+date,995,InStock
https://www.alanranger.com/beginners-photography-lessons/camera-courses-for-beginners-coventry-mw83l,event,2025-11-26 00:00:00+00,2025-11-26 00:00:00+00,2025-11-26 00:00:00+00,2025-11-26 00:00:00+00,null,https://www.alanranger.com/photography-services-near-me/lightroom-courses-for-beginners-coventry,tokens+date,19.99,InStock
https://www.alanranger.com/photographic-workshops-near-me/wales-photography-workshop-vyrnwy-pistyll-rhaeadr,event,2025-11-29 00:00:00+00,2025-11-29 00:00:00+00,2025-11-30 00:00:00+00,2025-11-30 00:00:00+00,null,https://www.alanranger.com/photo-workshops-uk/wales-photography-workshop-pistyll-rhaeadr,tokens+date,525,InStock
https://www.alanranger.com/beginners-photography-lessons/rps-courses-rps-distinctions-mentoring-3,event,2025-12-01 00:00:00+00,2025-12-01 00:00:00+00,2025-12-01 00:00:00+00,2025-12-01 00:00:00+00,null,https://www.alanranger.com/photography-services-near-me/rps-mentoring-photography-course,tokens+date,395,InStock
https://www.alanranger.com/beginners-photography-lessons/camera-courses-for-beginners-coventry-2n74k,event,2025-12-02 00:00:00+00,2025-12-02 00:00:00+00,2025-12-02 00:00:00+00,2025-12-02 00:00:00+00,null,https://www.alanranger.com/photography-services-near-me/lightroom-courses-for-beginners-coventry,tokens+date,19.99,InStock
https://www.alanranger.com/photographic-workshops-near-me/woodland-photography-walk-solihull-hay-woods,event,2025-12-05 00:00:00+00,2025-12-05 00:00:00+00,2025-12-05 00:00:00+00,2025-12-05 00:00:00+00,null,https://www.alanranger.com/photo-workshops-uk/woodland-photography-walk-warwickshire,tokens+date,15,InStock
https://www.alanranger.com/photographic-workshops-near-me/woodland-photography-walk-coventry-tile-hill,event,2025-12-08 00:00:00+00,2025-12-08 00:00:00+00,2025-12-08 00:00:00+00,2025-12-08 00:00:00+00,null,https://www.alanranger.com/photo-workshops-uk/woodland-photography-walk-warwickshire,tokens+date,15,InStock
https://www.alanranger.com/beginners-photography-lessons/camera-courses-for-beginners-coventry-dg9pz,event,2025-12-09 00:00:00+00,2025-12-09 00:00:00+00,2025-12-09 00:00:00+00,2025-12-09 00:00:00+00,null,https://www.alanranger.com/photography-services-near-me/lightroom-courses-for-beginners-coventry,tokens+date,19.99,InStock
https://www.alanranger.com/beginners-photography-lessons/camera-courses-for-beginners-coventry-nhjlm,event,2025-12-16 00:00:00+00,2025-12-16 00:00:00+00,2025-12-16 00:00:00+00,2025-12-16 00:00:00+00,null,https://www.alanranger.com/photography-services-near-me/lightroom-courses-for-beginners-coventry,tokens+date,19.99,InStock
https://www.alanranger.com/photographic-workshops-near-me/woodland-photography-walk-hay-woods,event,2026-01-02 00:00:00+00,2026-01-02 00:00:00+00,2026-01-02 00:00:00+00,2026-01-02 00:00:00+00,null,https://www.alanranger.com/photo-workshops-uk/woodland-photography-walk-warwickshire,tokens+date,15,InStock
https://www.alanranger.com/beginners-photography-lessons/camera-courses-for-beginners-coventry-wk1,event,2026-01-06 00:00:00+00,2026-01-06 00:00:00+00,2026-01-06 00:00:00+00,2026-01-06 00:00:00+00,null,https://www.alanranger.com/photography-services-near-me/lightroom-courses-for-beginners-coventry,tokens+date,19.99,InStock
https://www.alanranger.com/beginners-photography-lessons/lightroom-photo-editing-classes-wk1-kdh5k,event,2026-01-07 00:00:00+00,2026-01-07 00:00:00+00,2026-01-07 00:00:00+00,2026-01-07 00:00:00+00,null,https://www.alanranger.com/photography-services-near-me/beginners-photography-course,tokens+date,150,InStock
https://www.alanranger.com/photographic-workshops-near-me/secrets-of-woodland-photography-masterclass-winter,event,2026-01-11 00:00:00+00,2026-01-11 00:00:00+00,2026-01-11 00:00:00+00,2026-01-11 00:00:00+00,null,https://www.alanranger.com/photo-workshops-uk/secrets-of-woodland-photography-workshop,tokens+date,125,InStock
https://www.alanranger.com/beginners-photography-lessons/camera-courses-for-beginners-coventry-,event,2026-01-13 00:00:00+00,2026-01-13 00:00:00+00,2026-01-13 00:00:00+00,2026-01-13 00:00:00+00,null,https://www.alanranger.com/photography-services-near-me/lightroom-courses-for-beginners-coventry,tokens+date,19.99,InStock
https://www.alanranger.com/beginners-photography-lessons/lightroom-photo-editing-classes-wk2-n8l4l,event,2026-01-14 00:00:00+00,2026-01-14 00:00:00+00,2026-01-14 00:00:00+00,2026-01-14 00:00:00+00,null,https://www.alanranger.com/photography-services-near-me/beginners-photography-course,tokens+date,150,InStock
https://www.alanranger.com/photographic-workshops-near-me/dorset-photography-workshop,event,2026-01-16 00:00:00+00,2026-01-16 00:00:00+00,2026-01-18 00:00:00+00,2026-01-18 00:00:00+00,null,https://www.alanranger.com/photo-workshops-uk/dorset-landscape-photography-workshop,tokens+date,925,InStock
https://www.alanranger.com/beginners-photography-lessons/camera-courses-for-beginners-coventry-be4sb,event,2026-01-20 00:00:00+00,2026-01-20 00:00:00+00,2026-01-20 00:00:00+00,2026-01-20 00:00:00+00,null,https://www.alanranger.com/photography-services-near-me/lightroom-courses-for-beginners-coventry,tokens+date,19.99,InStock
https://www.alanranger.com/beginners-photography-lessons/lightroom-photo-editing-classes-wk3-7cd64,event,2026-01-21 00:00:00+00,2026-01-21 00:00:00+00,2026-01-21 00:00:00+00,2026-01-21 00:00:00+00,null,https://www.alanranger.com/photography-services-near-me/lightroom-courses-for-beginners-coventry,tokens+date,19.99,InStock
https://www.alanranger.com/photographic-workshops-near-me/lake-district-photography-workshop-winter,event,2026-01-23 00:00:00+00,2026-01-23 00:00:00+00,2026-01-25 00:00:00+00,2026-01-25 00:00:00+00,null,https://www.alanranger.com/photo-workshops-uk/lake-district-photography-workshop,tokens+date,1050,InStock
https://www.alanranger.com/photographic-workshops-near-me/landscape-photography-wales-gower-peninsular,event,2026-01-30 00:00:00+00,2026-01-30 00:00:00+00,2026-02-01 00:00:00+00,2026-02-01 00:00:00+00,null,https://www.alanranger.com/photo-workshops-uk/landscape-photography-wales-photo-workshop,tokens+date,825,InStock
https://www.alanranger.com/photographic-workshops-near-me/woodland-photography-walk-coventry-cv4,event,2026-02-02 00:00:00+00,2026-02-02 00:00:00+00,2026-02-02 00:00:00+00,2026-02-02 00:00:00+00,null,https://www.alanranger.com/photo-workshops-uk/woodland-photography-walk-warwickshire,tokens+date,15,InStock
https://www.alanranger.com/beginners-photography-lessons/camera-courses-for-beginners-week-1,event,2026-02-04 00:00:00+00,2026-02-04 00:00:00+00,2026-02-04 00:00:00+00,2026-02-04 00:00:00+00,null,https://www.alanranger.com/photography-services-near-me/lightroom-courses-for-beginners-coventry,tokens+date,19.99,InStock
https://www.alanranger.com/beginners-photography-lessons/camera-courses-for-beginners-wk2,event,2026-02-11 00:00:00+00,2026-02-11 00:00:00+00,2026-02-11 00:00:00+00,2026-02-11 00:00:00+00,null,https://www.alanranger.com/photography-services-near-me/lightroom-courses-for-beginners-coventry,tokens+date,19.99,InStock
https://www.alanranger.com/photographic-workshops-near-me/norfolk-photography-workshop,event,2026-02-13 09:30:00+00,2026-02-13 09:30:00+00,2026-02-15 14:00:00+00,2026-02-15 14:00:00+00,null,https://www.alanranger.com/photo-workshops-uk/landscape-photography-workshop-norfolk,tokens+date,975,InStock
https://www.alanranger.com/beginners-photography-lessons/camera-courses-for-beginners-week-3,event,2026-02-18 00:00:00+00,2026-02-18 00:00:00+00,2026-02-18 00:00:00+00,2026-02-18 00:00:00+00,null,https://www.alanranger.com/photography-services-near-me/lightroom-courses-for-beginners-coventry,tokens+date,19.99,InStock
https://www.alanranger.com/photographic-workshops-near-me/hartland-quay-devon-seascapes-ynfcl,event,2026-02-19 00:00:00+00,2026-02-19 00:00:00+00,2026-02-19 00:00:00+00,2026-02-19 00:00:00+00,Devon — Hartland Quay,https://www.alanranger.com/photo-workshops-uk/landscape-photography-devon-hartland-quay,tokens+date,750,InStock
https://www.alanranger.com/photographic-workshops-near-me/northumberland-landscape-photography-workshop,event,2026-02-26 00:00:00+00,2026-02-26 00:00:00+00,2026-03-01 00:00:00+00,2026-03-01 00:00:00+00,null,https://www.alanranger.com/photo-workshops-uk/coastal-northumberland-photography-workshops,tokens+date,995,InStock
https://www.alanranger.com/photographic-workshops-near-me/dingle-kerry-ireland-photography-workshop,event,2026-03-05 00:00:00+00,2026-03-05 00:00:00+00,2026-03-09 00:00:00+00,2026-03-09 00:00:00+00,null,https://www.alanranger.com/photo-workshops-uk/ireland-photography-workshops-dingle,tokens+date,1595,InStock
https://www.alanranger.com/photographic-workshops-near-me/fairy-glen-betws-y-coed-photography,event,2026-03-07 00:00:00+00,2026-03-07 00:00:00+00,2026-03-07 00:00:00+00,2026-03-07 00:00:00+00,null,https://www.alanranger.com/photo-workshops-uk/long-exposure-photography-workshop-fairy-glen,tokens+date,125,InStock
https://www.alanranger.com/photographic-workshops-near-me/landscape-photography-snowdonia-workshop,event,2026-03-07 00:00:00+00,2026-03-07 00:00:00+00,2026-03-08 00:00:00+00,2026-03-08 00:00:00+00,null,https://www.alanranger.com/photo-workshops-uk/landscape-photography-snowdonia-workshops,tokens+date,595,InStock
https://www.alanranger.com/beginners-photography-lessons/camera-courses-for-beginners-coventry-7breh,event,2026-03-09 00:00:00+00,2026-03-09 00:00:00+00,2026-03-09 00:00:00+00,2026-03-09 00:00:00+00,null,https://www.alanranger.com/photography-services-near-me/lightroom-courses-for-beginners-coventry,tokens+date,19.99,InStock
https://www.alanranger.com/beginners-photography-lessons/camera-courses-for-beginners-coventry-hl4tm,event,2026-03-16 00:00:00+00,2026-03-16 00:00:00+00,2026-03-16 00:00:00+00,2026-03-16 00:00:00+00,null,https://www.alanranger.com/photography-services-near-me/lightroom-courses-for-beginners-coventry,tokens+date,19.99,InStock
https://www.alanranger.com/photographic-workshops-near-me/lake-district-photography-workshop-spring,event,2026-03-20 00:00:00+00,2026-03-20 00:00:00+00,2026-03-22 00:00:00+00,2026-03-22 00:00:00+00,null,https://www.alanranger.com/photo-workshops-uk/lake-district-photography-workshop,tokens+date,1050,InStock
https://www.alanranger.com/beginners-photography-lessons/camera-courses-for-beginners-coventry-s2klg,event,2026-03-23 00:00:00+00,2026-03-23 00:00:00+00,2026-03-23 00:00:00+00,2026-03-23 00:00:00+00,null,https://www.alanranger.com/photography-services-near-me/lightroom-courses-for-beginners-coventry,tokens+date,19.99,InStock
https://www.alanranger.com/photographic-workshops-near-me/landscape-photography-workshops-yorkshire,event,2026-03-26 14:00:00+00,2026-03-26 14:00:00+00,2026-03-29 13:00:00+00,2026-03-29 13:00:00+00,null,https://www.alanranger.com/photo-workshops-uk/landscape-photography-devon-hartland-quay,tokens+date,750,InStock
https://www.alanranger.com/photographic-workshops-near-me/sunset-chesterton-windmill-spring,event,2026-03-29 23:00:00+00,2026-03-29 23:00:00+00,2026-03-29 23:00:00+00,2026-03-29 23:00:00+00,null,https://www.alanranger.com/photo-workshops-uk/photography-workshops-chesterton-windmill,tokens+date,65,InStock
https://www.alanranger.com/photographic-workshops-near-me/long-exposure-photography-workshop-kenilworth2,event,2026-03-30 23:00:00+00,2026-03-30 23:00:00+00,2026-03-30 23:00:00+00,2026-03-30 23:00:00+00,null,https://www.alanranger.com/photo-workshops-uk/long-exposure-photography-kenilworth,tokens+date,65,InStock
https://www.alanranger.com/photographic-workshops-near-me/long-exposure-photo-workshop-sunset-kenilworth,event,2026-04-12 23:00:00+00,2026-04-12 23:00:00+00,2026-04-12 23:00:00+00,2026-04-12 23:00:00+00,null,https://www.alanranger.com/photo-workshops-uk/long-exposure-photography-kenilworth,tokens+date,65,InStock
https://www.alanranger.com/photographic-workshops-near-me/secrets-of-woodland-photography-masterclass-spring,event,2026-04-18 23:00:00+00,2026-04-18 23:00:00+00,2026-04-18 23:00:00+00,2026-04-18 23:00:00+00,null,https://www.alanranger.com/photo-workshops-uk/secrets-of-woodland-photography-workshop,tokens+date,125,InStock
https://www.alanranger.com/photographic-workshops-near-me/bluebell-photography-photo-workshop-warwickshire-20,event,2026-04-19 23:00:00+00,2026-04-19 23:00:00+00,2026-04-19 23:00:00+00,2026-04-19 23:00:00+00,null,https://www.alanranger.com/photo-workshops-uk/abstract-and-macro-photography-workshops,tokens+date,65,InStock
https://www.alanranger.com/photographic-workshops-near-me/bluebell-photography-photo-workshop-warwickshire-21,event,2026-04-20 23:00:00+00,2026-04-20 23:00:00+00,2026-04-20 23:00:00+00,2026-04-20 23:00:00+00,null,https://www.alanranger.com/photo-workshops-uk/abstract-and-macro-photography-workshops,tokens+date,65,InStock
https://www.alanranger.com/photographic-workshops-near-me/bluebell-photography-photo-workshop-warwickshire-22,event,2026-04-21 23:00:00+00,2026-04-21 23:00:00+00,2026-04-21 23:00:00+00,2026-04-21 23:00:00+00,null,https://www.alanranger.com/photo-workshops-uk/abstract-and-macro-photography-workshops,tokens+date,65,InStock
https://www.alanranger.com/photographic-workshops-near-me/bluebell-photography-photo-workshop-warwickshire-23,event,2026-04-22 23:00:00+00,2026-04-22 23:00:00+00,2026-04-22 23:00:00+00,2026-04-22 23:00:00+00,null,https://www.alanranger.com/photo-workshops-uk/abstract-and-macro-photography-workshops,tokens+date,65,InStock
https://www.alanranger.com/photographic-workshops-near-me/bluebell-photography-photo-workshop-warwickshire-24,event,2026-04-23 23:00:00+00,2026-04-23 23:00:00+00,2026-04-23 23:00:00+00,2026-04-23 23:00:00+00,null,https://www.alanranger.com/photo-workshops-uk/abstract-and-macro-photography-workshops,tokens+date,65,InStock
https://www.alanranger.com/photographic-workshops-near-me/bluebell-photography-photo-workshop-warwickshire-25,event,2026-04-24 23:00:00+00,2026-04-24 23:00:00+00,2026-04-24 23:00:00+00,2026-04-24 23:00:00+00,null,https://www.alanranger.com/photo-workshops-uk/abstract-and-macro-photography-workshops,tokens+date,65,InStock
https://www.alanranger.com/photographic-workshops-near-me/bluebell-photography-photo-workshop-warwickshire-17,event,2026-04-25 23:00:00+00,2026-04-25 23:00:00+00,2026-04-25 23:00:00+00,2026-04-25 23:00:00+00,null,https://www.alanranger.com/photo-workshops-uk/bluebell-woodlands-photography-workshops,tokens+date,125,InStock
https://www.alanranger.com/photographic-workshops-near-me/bluebell-photography-photo-workshop-warwickshire-18,event,2026-04-26 23:00:00+00,2026-04-26 23:00:00+00,2026-04-26 23:00:00+00,2026-04-26 23:00:00+00,null,https://www.alanranger.com/photo-workshops-uk/abstract-and-macro-photography-workshops,tokens+date,65,InStock
https://www.alanranger.com/photographic-workshops-near-me/bluebell-photography-photo-workshop-warwickshire-19,event,2026-04-27 23:00:00+00,2026-04-27 23:00:00+00,2026-04-27 23:00:00+00,2026-04-27 23:00:00+00,null,https://www.alanranger.com/photo-workshops-uk/abstract-and-macro-photography-workshops,tokens+date,65,InStock
https://www.alanranger.com/photographic-workshops-near-me/bluebell-photography-photo-workshop-warwickshire-29,event,2026-04-28 23:00:00+00,2026-04-28 23:00:00+00,2026-04-28 23:00:00+00,2026-04-28 23:00:00+00,null,https://www.alanranger.com/photo-workshops-uk/abstract-and-macro-photography-workshops,tokens+date,65,InStock
https://www.alanranger.com/photographic-workshops-near-me/bluebell-photography-photo-workshop-warwickshire-30,event,2026-04-29 23:00:00+00,2026-04-29 23:00:00+00,2026-04-29 23:00:00+00,2026-04-29 23:00:00+00,null,https://www.alanranger.com/photo-workshops-uk/abstract-and-macro-photography-workshops,tokens+date,65,InStock
https://www.alanranger.com/photographic-workshops-near-me/bluebell-photography-photo-workshop-warwickshire-01,event,2026-04-30 23:00:00+00,2026-04-30 23:00:00+00,2026-04-30 23:00:00+00,2026-04-30 23:00:00+00,null,https://www.alanranger.com/photo-workshops-uk/abstract-and-macro-photography-workshops,tokens+date,65,InStock
https://www.alanranger.com/photographic-workshops-near-me/long-exposure-photography-burnham-on-sea,event,2026-05-02 17:30:00+00,2026-05-02 17:30:00+00,2026-05-02 20:00:00+00,2026-05-02 20:00:00+00,null,https://www.alanranger.com/photo-workshops-uk/long-exposure-photography-workshops-burnham,tokens+date,75,InStock
https://www.alanranger.com/photographic-workshops-near-me/woodland-photography-walk-meriden-millisons-wood,event,2026-05-02 23:00:00+00,2026-05-02 23:00:00+00,2026-05-02 23:00:00+00,2026-05-02 23:00:00+00,null,https://www.alanranger.com/photo-workshops-uk/woodland-photography-walk-warwickshire,tokens+date,15,InStock
https://www.alanranger.com/photographic-workshops-near-me/anglesey-photography-workshop-wales,event,2026-05-07 23:00:00+00,2026-05-07 23:00:00+00,2026-05-09 23:00:00+00,2026-05-09 23:00:00+00,null,https://www.alanranger.com/photo-workshops-uk/landscape-photography-workshops-anglesey,tokens+date,795,InStock
https://www.alanranger.com/photographic-workshops-near-me/fairy-glen-photography-betws-y-coed,event,2026-05-07 23:00:00+00,2026-05-07 23:00:00+00,2026-05-07 23:00:00+00,2026-05-07 23:00:00+00,null,https://www.alanranger.com/photo-workshops-uk/long-exposure-photography-workshop-fairy-glen,tokens+date,125,InStock
https://www.alanranger.com/photographic-workshops-near-me/peak-district-photography-workshops-spring,event,2026-05-15 23:00:00+00,2026-05-15 23:00:00+00,2026-05-15 23:00:00+00,2026-05-15 23:00:00+00,null,https://www.alanranger.com/photo-workshops-uk/landscape-peak-district-photography-workshops-derbyshire,tokens+date,175,InStock
https://www.alanranger.com/photographic-workshops-near-me/abstract-and-macro-photography-workshop-coventry,event,2026-05-16 23:00:00+00,2026-05-16 23:00:00+00,2026-05-16 23:00:00+00,2026-05-16 23:00:00+00,null,https://www.alanranger.com/photo-workshops-uk/abstract-and-macro-photography-workshops,tokens+date,65,InStock
https://www.alanranger.com/photographic-workshops-near-me/garden-photography-workshop-mxyms,event,2026-05-16 23:00:00+00,2026-05-16 23:00:00+00,2026-05-16 23:00:00+00,2026-05-16 23:00:00+00,null,https://www.alanranger.com/photo-workshops-uk/garden-photography-workshop,tokens+date,35,InStock
https://www.alanranger.com/photographic-workshops-near-me/exmoor-photography-workshops-seascapes-lynmouth,event,2026-05-23 09:00:00+00,2026-05-23 09:00:00+00,2026-05-24 14:30:00+00,2026-05-24 14:30:00+00,North Devon — Exmoor,https://www.alanranger.com/photo-workshops-uk/exmoor-photography-workshops-lynmouth,tokens+date,575,InStock
https://www.alanranger.com/photographic-workshops-near-me/sezincote-garden-photography-workshop,event,2026-05-28 23:00:00+00,2026-05-28 23:00:00+00,2026-05-28 23:00:00+00,2026-05-28 23:00:00+00,null,https://www.alanranger.com/photo-workshops-uk/sezincote-garden-photography-workshop,tokens+date,55,InStock
https://www.alanranger.com/photographic-workshops-near-me/lavender-photography-workshop-sunset-19,event,2026-07-03 23:00:00+00,2026-07-03 23:00:00+00,2026-07-03 23:00:00+00,2026-07-03 23:00:00+00,null,https://www.alanranger.com/photo-workshops-uk/photography-workshops-lavender-fields,tokens+date,150,InStock
https://www.alanranger.com/photographic-workshops-near-me/lavender-photography-workshop-sunset,event,2026-07-10 23:00:00+00,2026-07-10 23:00:00+00,2026-07-10 23:00:00+00,2026-07-10 23:00:00+00,null,https://www.alanranger.com/photo-workshops-uk/photography-workshops-lavender-fields,tokens+date,150,InStock
https://www.alanranger.com/photographic-workshops-near-me/garden-photography-workshop,event,2026-07-11 23:00:00+00,2026-07-11 23:00:00+00,2026-07-11 23:00:00+00,2026-07-11 23:00:00+00,null,https://www.alanranger.com/photo-workshops-uk/sezincote-garden-photography-workshop,tokens+date,55,InStock
https://www.alanranger.com/photographic-workshops-near-me/peak-district-photography-workshops-heathers-sunset,event,2026-08-15 17:15:00+00,2026-08-15 17:15:00+00,2026-08-15 20:15:00+00,2026-08-15 20:15:00+00,null,https://www.alanranger.com/photo-workshops-uk/landscape-peak-district-photography-workshops-derbyshire,tokens+date,175,InStock
https://www.alanranger.com/photographic-workshops-near-me/peak-district-photography-workshops-heathers-sunrise,event,2026-08-16 04:45:00+00,2026-08-16 04:45:00+00,2026-08-16 07:45:00+00,2026-08-16 07:45:00+00,null,https://www.alanranger.com/photo-workshops-uk/landscape-peak-district-photography-workshops-derbyshire,tokens+date,175,InStock
https://www.alanranger.com/beginners-photography-lessons/camera-courses-for-beginners-coventry-2k99k,event,null,null,null,null,null,https://www.alanranger.com/photography-services-near-me/lightroom-courses-for-beginners-coventry,tokens+date,19.99,InStock
https://www.alanranger.com/beginners-photography-lessons/camera-courses-for-beginners-coventry-2sj27,event,null,null,null,null,null,https://www.alanranger.com/photography-services-near-me/lightroom-courses-for-beginners-coventry,tokens+date,19.99,InStock
https://www.alanranger.com/beginners-photography-lessons/camera-courses-for-beginners-coventry-bds4t,event,null,null,null,null,null,https://www.alanranger.com/photography-services-near-me/lightroom-courses-for-beginners-coventry,tokens+date,19.99,InStock
https://www.alanranger.com/beginners-photography-lessons/camera-courses-for-beginners-coventry-dhecf,event,null,null,null,null,null,https://www.alanranger.com/photography-services-near-me/lightroom-courses-for-beginners-coventry,tokens+date,19.99,InStock
https://www.alanranger.com/beginners-photography-lessons/camera-courses-for-beginners-coventry-nzwzx,event,null,null,null,null,null,https://www.alanranger.com/photography-services-near-me/lightroom-courses-for-beginners-coventry,tokens+date,19.99,InStock
https://www.alanranger.com/beginners-photography-lessons/camera-courses-for-beginners-coventry-w5nkt,event,null,null,null,null,null,https://www.alanranger.com/photography-services-near-me/lightroom-courses-for-beginners-coventry,tokens+date,19.99,InStock
https://www.alanranger.com/beginners-photography-lessons/lightroom-photo-editing-classes-wk1-rrkhn,event,null,null,null,null,null,https://www.alanranger.com/photography-services-near-me/beginners-photography-course,tokens+date,150,InStock
https://www.alanranger.com/beginners-photography-lessons/lightroom-photo-editing-classes-wk1-xx94r,event,null,null,null,null,null,https://www.alanranger.com/photography-services-near-me/lightroom-courses-for-beginners-coventry,tokens+date,19.99,InStock
https://www.alanranger.com/beginners-photography-lessons/lightroom-photo-editing-classes-wk2-55f3d,event,null,null,null,null,null,https://www.alanranger.com/photography-services-near-me/beginners-photography-course,tokens+date,150,InStock
https://www.alanranger.com/beginners-photography-lessons/lightroom-photo-editing-classes-wk2-y3262,event,null,null,null,null,null,https://www.alanranger.com/photography-services-near-me/beginners-photography-course,tokens+date,150,InStock
https://www.alanranger.com/beginners-photography-lessons/lightroom-photo-editing-classes-wk3-42ynf,event,null,null,null,null,null,https://www.alanranger.com/photography-services-near-me/beginners-photography-course,tokens+date,150,InStock
https://www.alanranger.com/beginners-photography-lessons/lightroom-photo-editing-classes-wk3-9b3t3,event,null,null,null,null,null,https://www.alanranger.com/photography-services-near-me/beginners-photography-course,tokens+date,150,InStock
https://www.alanranger.com/beginners-photography-lessons/rps-courses-rps-distinctions-mentoring-1,event,null,null,null,null,null,https://www.alanranger.com/photography-services-near-me/rps-mentoring-photography-course,tokens+date,395,InStock
https://www.alanranger.com/beginners-photography-lessons/rps-courses-rps-distinctions-mentoring-4,event,null,null,null,null,null,https://www.alanranger.com/photography-services-near-me/rps-mentoring-photography-course,tokens+date,395,InStock
https://www.alanranger.com/beginners-photography-lessons/rps-courses-rps-distinctions-mentoring-5,event,null,null,null,null,null,https://www.alanranger.com/photography-services-near-me/rps-mentoring-photography-course,tokens+date,395,InStock
https://www.alanranger.com/photographic-workshops-near-me/hartland-quay-photography-devon-seascapes,event,null,null,null,null,null,https://www.alanranger.com/photo-workshops-uk/landscape-photography-devon-hartland-quay,tokens+date,750,InStock
https://www.alanranger.com/photographic-workshops-near-me/lake-district-photography-workshop-late-summer,event,null,null,null,null,null,https://www.alanranger.com/photo-workshops-uk/lake-district-photography-workshop,tokens+date,1050,InStock
https://www.alanranger.com/photographic-workshops-near-me/long-exposure-photography-workshop-kenilworth1,event,null,null,null,null,null,https://www.alanranger.com/photo-workshops-uk/long-exposure-photography-kenilworth,tokens+date,65,InStock
https://www.alanranger.com/photographic-workshops-near-me/long-exposure-photography-workshop-kenilworth4,event,null,null,null,null,null,https://www.alanranger.com/photo-workshops-uk/long-exposure-photography-kenilworth,tokens+date,65,InStock
https://www.alanranger.com/photographic-workshops-near-me/secrets-of-woodland-photography-masterclass-summer,event,null,null,null,null,null,https://www.alanranger.com/photo-workshops-uk/secrets-of-woodland-photography-workshop,tokens+date,125,InStock
https://www.alanranger.com/photographic-workshops-near-me/sunset-chesterton-windmill-spring-7gw7j,event,null,null,null,null,null,https://www.alanranger.com/photo-workshops-uk/photography-workshops-chesterton-windmill,tokens+date,65,InStock
https://www.alanranger.com/photographic-workshops-near-me/urban-architecture-photography-workshop-coventry,event,null,null,null,null,null,https://www.alanranger.com/photo-workshops-uk/urban-architecture-photography-workshops-coventry,tokens+date,50,InStock